NUMBER	GLOSS	ORTH_NEEDHAM	PHON_NEEDHAM	ROMAN_MODERN	PHON_MODERN	ORTH_MODERN	ENGLISH	CONCEPTICON_ID	CONCEPTICON_GLOSS
1	above	rang	rÊŒÅ‹	rvungx	rÉuÅ‹â‚‚	ğ–ª²ğ–©»ğ–ª‡ğ–ª.ğ–ª¬ğ–ª—	sky rather than above, locative needed to mean above, or by using /tÊ°Éukâ‚„/	1741	ABOVE
2	acid	Ã¢Â´hÃ®	É‘.hiË€	v.hix	É™â‚€hiâ‚‚	ğ–©¸.ğ–ª­ğ–ªƒ		1906	SOUR
3	all	waÂ´tong	wÊŒ.tÉ’Å‹	wv.tvungx	Î²É™â‚€tÉuÅ‹â‚‚	ğ–ª¦ğ–©¸.ğ–ª°ğ–©»ğ–ª‡ğ–ª		98	ALL
4	alive	Ã¢-taÂ´rong	É‘.tÊŒ.rÉ’Å‹	v.thv.rvungx	É™â‚€tÌªÉ™â‚€rÉuÅ‹â‚‚	ğ–©¸.ğ–ª¹ğ–©¸.ğ–ª²ğ–©»ğ–ª‡ğ–ª		1422	BE ALIVE
5	anger	anÂ´yÃ¼rr	ÊŒn.jyr	v.nyerx	É™â‚€É²erâ‚‚	ğ–©¸.ğ–ª¨ğ–©¿ğ–ª²	to avoid someone due to being emotionally hurt. angry should be /tÌªÉ¨nâ‚kÊ°Éiâ‚‚/, "bitter liver"	82	ANGER
6	arm	yokÂ´phÃ»m	jÉ’k.pÊ°um	yvuk.phumz	Ê’Éukâ‚„pÊ°umâ‚	ğ–ª¥ğ–©¸ğ–ª„ğ–ª .ğ–ª©ğ–ª„ğ–ª«		1673	ARM
7	arrow	lÃ¢Â´san	lÉ‘.sÊŒn	laq.sanz	laÊ”â‚„sanâ‚	ğ–ª®ğ–©¶.ğ–ª¤ğ–©´ğ–ª¬		977	ARROW
8	ash	tapÂ´thÃ¢	tÊŒp.tÊ°É‘	tvp.htaq	tÉpâ‚„tÊ°aÊ”â‚„	ğ–ª°ğ–©¸ğ–ª§.ğ–ª¯ğ–©¶	specifically hearth ash, not other ash	646	ASH
9	aunt	Ã®Â´sÃ®	i.si	iz.suiyz	iâ‚sÉ¨iâ‚	ğ–ª€.ğ–ª¤ğ–ªŒğ–ª€	i- is 1sg.poss, thus "my maternal aunt". paternal is /Å‹É¨iâ‚/.	3042	MATERNAL AUNT (MOTHER'S OLDER SISTER)
10	axe	mangÂ´kÃ®	mÊŒÅ‹.ki	muingx.kix	mÉ¨Å‹â‚‚ kiâ‚‚	ğ–ª«ğ–ªğ–ª.ğ–ª ğ–ªƒ		677	AXE
11	bad	Ã¢Â´bÃ¢	É‘.bÉ‘	v.bac	É™â‚€baâ‚ƒ	ğ–©¸.ğ–ªªğ–©µ		1292	BAD
12	bag	yÃ¢Â´khÃ¢k	jÉ‘.kÊ°É‘k	nyac.khak	É²aâ‚ƒkÊ°akâ‚„	ğ–ª¨ğ–©µ.ğ–ª¡ğ–©´ğ–ª 	satchet, literally tobacco bag	2468	BAG
13	bamboo	wÃ¢á¹‰	wÉ‘Ìƒ	wawx	Î²É”â‚‚	ğ–ª¦ğ–ª‹		1927	BAMBOO
14	basket, man's	phÃ¢ngÂ´phai	pÊ°É‘Å‹.pÊ°É’iÌ¯	phangx.phvyc	pÊ°aÅ‹â‚‚pÊ°Éiâ‚ƒ	ğ–ª©ğ–©·ğ–ª.ğ–ª©ğ–©¹ğ–ª	not a basket, actually a carrying bag	2468	BAG
15	basket, woman's	khÃªá¹‰	kÊ°eÌƒ	khec	kÊ°eâ‚ƒ	ğ–ª¡ğ–©½	largest type of basket used for carrying rice. not a woman's basket.	1539	BASKET
16	basket, small flat	phÃª	pÊ°e	phec	pÊ°eâ‚ƒ	ğ–ª©ğ–©¿		1539	BASKET
17	bead	likÂ´sÃ¢	lÉªk.sÉ‘	luik.thuiyz	lÉ¨kâ‚„tÌªÉ¨iâ‚	ğ–ª®ğ–ªŒğ–ª .ğ–ª¤ğ–©´., ğ–ª®ğ–ªŒğ–ª .ğ–ª¹ğ–ªŒğ–ª€	type of tightly worn woman's necklace. bead is /lÉ¨kâ‚„tÌªÉ¨iâ‚/	1961	NECKLACE
18	bear	chaÂ´bÃ¢	Ê§Ê°ÊŒ.bÉ‘	jvp.bawx	Ê¨Épâ‚„bÉ”â‚‚	ğ–ªµğ–©¸ğ–ª§.ğ–ªªğ–ª‹		1820	BEAR
19	bee	yÃ¢á¹‰	jÉ‘Ìƒ	nyaq	É²aÊ”â‚„	ğ–ª¨ğ–©¶	Needham's underlined is nasalisty from the onset	665	BEE
20	belly	vak	Î²ÊŒk	wuk	Î²ukâ‚„	ğ–ª¦ğ–ª„ğ–ª 		1251	BELLY
21	bird	vÃ»	Î²u	wuz	Î²uâ‚	ğ–ª¦ğ–ª„		937	BIRD
22	black	Ã¢nÂ´yak	É‘n.jÊŒk	v.nyvuk	É™â‚€É²Éukâ‚„	ğ–©¸.ğ–ª¨ğ–©¸ğ–ª„ğ–ª 	incorrect syllabification	163	BLACK
23	bite, v	kok	kÉ’k	kvuk	kÉukâ‚„	ğ–ª ğ–©¸ğ–ª„ğ–ª 		1403	BITE
24	bitter	Ã¢Â´krip	É‘.krÉªp	v.khuip	É™â‚€kÊ°É¨pâ‚„	ğ–©¸.ğ–ª¡ğ–ªŒğ–ª§	bitter of flavour	887	BITTER
25	blood	taÂ´gri	tÊŒ.grÉª	tv.ghuiyz	tÉ™â‚€É£É¨iâ‚	ğ–ª°ğ–©¸.ğ–ª·ğ–ªŒğ–ª€	<r> here marks vowel quality	946	BLOOD
26	bone	Ã¢Â´rÃ¢á¹‰	É‘.rÉ‘Ìƒ	v.rawz	É™â‚€rÉ”â‚	ğ–©¸.ğ–ª²ğ–ªˆ		1394	BONE
27	bow	lÃ¢	lÉ‘Ë€	[kaz.lic.]laq	[kaâ‚liâ‚ƒ]laÊ”â‚„	[ğ–ª ğ–©´.ğ–ª®ğ–ª.]ğ–ª®ğ–©¶		994	BOW
28	bough	pÃ»lphÃ¢k	pul.pÊ°É‘k	pulx.phak	pulâ‚‚pÊ°akâ‚„	ğ–ª§ğ–ª‡ğ–ª®.ğ–ª©ğ–©´ğ–ª 		346	BANYAN
29	bracelet	yokÂ´sÃ¢n	jÉ’k.sÉ‘n	yvuk.sanx	Ê’Éukâ‚„sanâ‚‚	ğ–ª¥ğ–©¸ğ–ª„ğ–ª .ğ–ª¤ğ–©·ğ–ª¬		1754	BRACELET
30	bridge	hÃ®	hi	hix	hiâ‚‚	ğ–ª­ğ–ªƒ		1011	BRIDGE
31	brother, elder	Ã®Â´phÃ»	i.pÊ°u	v.phuz	É™â‚€pÊ°uâ‚	ğ–©¸.ğ–ª©ğ–ª„	i- is 1sg.poss	1759	OLDER BROTHER
32	brother, younger	Ã®Â´nÃ´	i.no	v.nox	É™â‚€noâ‚‚	ğ–©¸.ğ–ª¬ğ–©³	younger siblings are not distinguished for gender	427	YOUNGER SIBLING
33	buffalo	ngÃ¢	Å‹É‘	ngac	Å‹aâ‚ƒ	ğ–ª£ğ–©µ		2516	WATER BUFFALO
34	bullet	chÃ»nÂ´dÃ®	Ê§Ê°un.di	junx.thuiyz	Ê¨unâ‚‚tÌªÉ¨iâ‚	ğ–ªµğ–ª‡ğ–ª¬.ğ–ª¹ğ–ªŒğ–ª€		1114	BULLET
35	bury, v	lÃ®p	lip	luip	lÉ¨pâ‚„	ğ–ª®ğ–ªŒğ–ª§		1719	BURY
36	buy, v	rÃ®	ri	ruiyx., vrez	rÉ¨iâ‚‚, É™â‚€reâ‚	ğ–ª²ğ–ªğ–ª‡., ğ–©¸ğ–ª²ğ–©¼		1869	BUY
37	calf of leg	yavuin	jÊŒ.Î²uÉªn	yaz.wuenc	Ê’aâ‚Î²É¤nâ‚ƒ	ğ–ª¥ğ–©´.ğ–ª¦ğ–ª”ğ–ª¬		498	CALF OF LEG
38	call, v	kaÂ´chÃ¢	kÊŒ.Ê§Ê°É‘	kv.jaz	kÉ™â‚€Ê¨aâ‚	ğ–ª ğ–©¸.ğ–ªµğ–©´	to call is /É£É™lâ‚/	1458	SAY
39	cane (small kind)	rÃ®	ri	ruiyx	rÉ¨iâ‚‚	ğ–ª²ğ–ªğ–ª‡		659	REED
40	cane (large kind)	het	hÉ›t	het	hetâ‚„	ğ–ª­ğ–©¼ğ–ª°		2497	RATTAN
41	catch hold of, v	lÃ»	lu	luz	luâ‚	ğ–ª®ğ–ª„		702	CATCH
42	caoutchouc	nÃ®Â´tÃ¼rr	ni.tyr	nuiyx.tuirx	nÉ¨iâ‚‚tÉ¨râ‚‚	ğ–ª¬ğ–ªğ–ª‡.ğ–ª°ğ–ªğ–ª²	natural rubber		
43	child (able to walk)	nÃ´Â´yÃ¢á¹‰	no.jÉ‘Ìƒ	nox yawx	noâ‚‚ Ê’É”â‚‚	ğ–ª¬ğ–©³ ğ–ª¥ğ–ª‹		2099	CHILD
44	child (baby)	nÃ´Â´shÃ¢á¹‰	no.ÊƒÉ‘Ìƒ	nox shawx	noâ‚‚ ÊƒÉ”â‚‚	ğ–ª¬ğ–©³ ğ–ª´ğ–ª‹		2099	CHILD
45	chillic	maÂ´kÃ¢t	mÊŒ.kÉ‘t	muit.kat	mÉ¨tâ‚„katâ‚„	ğ–ª«ğ–ªŒğ–ª°.ğ–ª ğ–©´ğ–ª°		919	CHILI PEPPER
46	claw	yokÂ´thin	jÉ’k.tÊ°Éªn	yvuk.httuinx	Ê’Éukâ‚„tÌªÊ°É¨nâ‚ƒ	ğ–ª¥ğ–©¸ğ–ª„ğ–ª .ğ–ª¸ğ–ªğ–ª¬	claw would be /kÊ°É¨Å‹â‚‚/	1258	FINGERNAIL
47	climb, v	dÃ¼	dy	duiz	dÉ¨â‚	ğ–ª±ğ–ªŒ		1102	CLIMB
48	cloth (chudder)	khaithÃ»m	kÊ°É’iÌ¯.tÊ°um	khvyz.htumc	kÊ°Éiâ‚tÊ°umâ‚ƒ	ğ–ª¡ğ–©¸ğ–ª€.ğ–ª¯ğ–ª…ğ–ª«	any blanket	806	BLANKET
49	cloud	rÃ´ng	roÅ‹	--	--	--		1489	CLOUD
50	cold	rongÂ´shÃ»ng	rÉ’Å‹.ÊƒuÅ‹	rvungx.sungc	rÉuÅ‹â‚‚suÅ‹â‚ƒ	ğ–ª²ğ–©»ğ–ª‡ğ–ª.ğ–ª¤ğ–ª…ğ–ª		2483	COLD (OF WEATHER)
51	comb	chÃ»	Ê§Ê°u	tsuz	Ê¦uâ‚	ğ–ª¶ğ–ª„		2070	COMB (VERB)
52	come, v	kÃ¢Â´lÃ´	kÉ‘.lo	kaz.loq	kaâ‚loÊ”â‚„	ğ–ª ğ–©´.ğ–ª®ğ–©²		1446	COME
53	corpse	mÃ®-tÃ®Â´kÃ¢	mi.ti.kÉ‘	miq thuiyc kaz	miÊ”â‚„ tÌªÉ¨iâ‚ƒ kaâ‚	ğ–ª«ğ–ª‚ ğ–ª¹ğ–ªğ–ª ğ–ª ğ–©´	literally "person died", not corpse /mÉuÅ‹â‚‚/ 		
54	cooking pot	tik	tÉªk	tuik	tÉ¨kâ‚„	ğ–ª°ğ–ªŒğ–ª 		3653	COOKING POT
55	cotton	rÃ®Â´pÃ¼	ri.py	ruiyz.puic	rÉ¨iâ‚pÉ¨â‚ƒ	ğ–ª²ğ–ªŒğ–ª€.ğ–ª§ğ–ª		1850	COTTON
56	cow	mÃ¢nÂ´sÃ»	mÉ‘n.su	manx.suiux	manâ‚‚sÉ¨uâ‚‚	ğ–ª«ğ–©·ğ–ª¬.ğ–ª¤ğ–ª›		3044	BOVINE
57	cry	Ã¢Â´kwarr	É‘.kwÊŒr	khorx	kÊ°orâ‚‚	ğ–ª¡ğ–©³ğ–ª²		1839	CRY
58	cross bow	kongÂ´kÃ®	kÉ’Å‹.ki	--	--	--	not attested today, but see elsewhere in Tangsa for /laÊ”.koÅ‹/	3193	CROSSBOW
59	crow	wÃ»Â´khÃ¢	wu.kÊ°É‘	wuz.khax	Î²uâ‚kÊ°aâ‚‚	ğ–ª¦ğ–ª„.ğ–ª¡ğ–©·		913	CROW
60	dance, v	vaÂ´nerm	Î²ÊŒ.nÉ¤m	wv.nuemz	Î²É™â‚€nÉ¤mâ‚	ğ–ª¦ğ–©¸.ğ–ª¬ğ–ª•ğ–ª«		1879	DANCE
61	daughter	yÃ¢Â´shikshÃ¢/yÃ¢Â´shikshÃ¢á¹‰	jÉ‘.ÊƒÉªk.ÊƒÉ‘/jÉ‘.ÊƒÉªk.ÊƒÉ‘Ìƒ	yalx.jik.saz	Ê’alâ‚‚Ê¨É¨kâ‚„saâ‚	ğ–ª¥ğ–©·ğ–ª®.ğ–ªµğ–ª€ğ–ª .ğ–ª¤ğ–©´	final l is present underlyingly	1357	DAUGHTER
62	to-day	taÂ´nÃ®	tÊŒ.ni	tv.nhuiyq	tÉ™â‚€nÌªÉ¨iÊ”â‚„	ğ–ª°ğ–©¸.ğ–ª³ğ–ªŒğ–ª‚	only used in the morning. in the afternoon "today" is /mâ‚nÌªÉ¨iÊ”â‚„/	1283	TODAY
63	morrow	Ã®Â´nap	i.nÊŒp	iz.nvp	iâ‚nÉpâ‚„	ğ–ª€.ğ–ª¬ğ–©¸ğ–ª§		1329	TOMORROW
64	dhao	yaung	jÉ’uÌ¯Å‹	yvungz	Ê’ÉuÅ‹â‚	ğ–ª¥ğ–©¸ğ–ª„ğ–ª		2680	MACHETE
65	daily	varongÂ´nÃ®	Î²ÊŒ.rÉ’Å‹.ni	wv.rvungx.nhuiyq	Î²É™â‚€rÉuÅ‹â‚‚nÌªÉ¨iÊ”â‚„	ğ–ª¦ğ–©¸.ğ–ª²ğ–©»ğ–ª‡ğ–ª.ğ–ª³ğ–ªŒğ–ª‚			
66	deer	ngam	Å‹ÊŒm	ngvmx	Å‹Émâ‚‚	ğ–ª£ğ–©»ğ–ª«	any flesh or meat or other animal. not deer specifically.	619	ANIMAL
67	dhan (paddy)	sam	sÊŒm	tsvmz	Ê¦Émâ‚	ğ–ª¶ğ–©¸ğ–ª«		2749	UNHUSKED RICE
68	different	adai	ÊŒ.dÉ’iÌ¯	v.dvyx	É™â‚€dÉiâ‚‚	ğ–©¸.ğ–ª±ğ–©»ğ–ªƒ		2504	DIFFERENT
69	dog	guiÂ´heá¹‰	guÉª.hÉ›Ìƒ	ghuiz.hex	É£uiâ‚heâ‚‚	ğ–ª·ğ–ªŒ.ğ–ª­ğ–©¿		2009	DOG
70	door	khÃ¢Â´lÃ¼	kÊ°É‘.ly	kac.luix	kaâ‚ƒlÉ¨â‚‚	ğ–ª ğ–©µ.ğ–ª®ğ–ª		1567	DOOR
71	drink	ning	nÉªÅ‹	nuingx	nÉ¨Å‹â‚‚	ğ–ª¬ğ–ªğ–ª		1401	DRINK
72	drinking cup (of bamboo)	khap	kÊ°ÊŒp	khap	kÊ°apâ‚„	ğ–ª¡ğ–©´ğ–ª§	modern cup. traditional ones are called /kokâ‚„/.	476	CUP
73	drum	nÃ»ng	nuÅ‹	nungx	nuÅ‹â‚‚	ğ–ª¬ğ–ª‡ğ–ª		908	DRUM
74	beat drum	nungtim	nuÅ‹.tÉªm	nungx tuimz	nuÅ‹â‚‚ tÉ¨mâ‚	ğ–ª¬ğ–ª‡ğ–ª ğ–ª°ğ–ªŒğ–ª«			
75	dung	dÃ®	diË€	diq	diÊ”â‚„	ğ–ª±ğ–ª‚		2057	DUNG (ANIMAL FAECES)
76	dust	mÃ»tÂ´gui	mut.guÉª	bok.khuiyx	bokâ‚„kÊ°É¨iâ‚‚	ğ–ªªğ–©°ğ–ª .ğ–ª¡ğ–ªğ–ª‡		2	DUST
77	ear	nÃ¢	nÉ‘	nac	naâ‚ƒ	ğ–ª¬ğ–©µ		1247	EAR
78	earring	nÃ¢chÃ®	nÉ‘.Ê§Ê°i	nac.jic	naâ‚ƒÊ¨iâ‚ƒ	ğ–ª¬ğ–©µ.ğ–ªµğ–ª		770	EARRING
79	earth	gÃ¢	gÉ‘Ë€	ghaq	É£aÊ”â‚„	ğ–ª·ğ–©¶		626	LAND
80	eat	sÃ¢	sÉ‘	saq	saÊ”â‚„	ğ–ª¤ğ–©¶		1336	EAT
81	egg	wÃ»Â´dÃ®	wu.di	wuz.tiz	Î²uâ‚tiâ‚	ğ–ª¦ğ–ª„.ğ–ª°ğ–ª€		744	EGG
82	empty	shokÂ´thÃ¼	ÊƒÉ’k.tÊ°y	shvuk.httuiz	ÊƒÉukâ‚„tÌªÊ°É¨â‚	ğ–ª´ğ–©¸ğ–ª„ğ–ª .ğ–ª¸ğ–ªŒ		1624	EMPTY
83	eye	mak	mÊŒk	muik	mÉ¨kâ‚„	ğ–ª«ğ–ªŒğ–ª 		1248	EYE
84	face	thal	tÊ°ÊŒl	htvlx	tÊ°Élâ‚‚	ğ–ª¯ğ–©»ğ–ª®		1560	FACE
85	false	Ã¢Â´rot	É‘.rÉ’t	v.rovt	É™â‚€roÉtâ‚„	ğ–©¸.ğ–ª²ğ–©°ğ–©¸ğ–ª°		3069	FALSE
86	elephant	jÃ¢n	Ê§É‘n	jawz	Ê¨É”â‚	ğ–ªµğ–ªˆ		1290	ELEPHANT
87	fat (not lean)	Ã¢Â´pÃ¼	É‘.py	v.puiz	É™â‚€pÉ¨â‚	ğ–©¸.ğ–ª§ğ–ªŒ	Needham incorrectly glossed as the wrong "fat" in English	323	FAT (ORGANIC SUBSTANCE)
88	far	Ã¢Â´jÃ¢l	É‘.Ê§É‘l	yalz	Ê’alâ‚	ğ–ª¥ğ–©´ğ–ª®		1406	FAR
89	father	vÃ¢	Î²É‘	v.waz	É™â‚€Î²aâ‚	ğ–©¸.ğ–ª¦ğ–©´		1217	FATHER
90	fear	Ã¢Â´hÃ®	É‘.hi	v.hiz	É™â‚€hiâ‚	ğ–©¸.ğ–ª­ğ–ª€		781	FEAR (FRIGHT)
91	feather	mÃ»l	mul	mulz	mulâ‚	ğ–ª«ğ–ª„ğ–ª®	body hair or fur generally	1201	FEATHER
92	female	yÃ¢lÂ´shik/yÃ¢Â´shik	jÉ‘l.ÊƒÉªk/jÉ‘.ÊƒÉªk	yalx.juik	Ê’alâ‚‚Ê¨É¨kâ‚„	ğ–ª¥ğ–©·ğ–ª®.ğ–ªµğ–ªŒğ–ª 		2105	FEMALE PERSON
93	finger	yokÂ´shÃ®	jÉ’k.Êƒi	yvuk.shix	Ê’Éukâ‚„Êƒiâ‚‚	ğ–ª¥ğ–©¸ğ–ª„ğ–ª .ğ–ª´ğ–ªƒ		1303	FINGER
94	fire	varr	Î²ÊŒr	wvrz	Î²Érâ‚	ğ–ª¦ğ–©¸ğ–ª²		221	FIRE
95	fire-place	varrkuá¹‰	Î²ÊŒr.kuÌƒ	tap.khux	tapâ‚„kÊ°uâ‚‚	ğ–ª°ğ–©´ğ–ª§.ğ–ª¡ğ–ª‡		185	FIREPLACE
96	fire-gun	gÃ¢p	gÉ‘p	ghap	É£apâ‚„	ğ–ª·ğ–©´ğ–ª§		1172	SHOOT
97	fish	ngÃ¢	Å‹É‘Ë€	ngaq	Å‹aÊ”â‚„	ğ–ª£ğ–©¶		227	FISH
98	flame	vÃ¢á¹‰	Î²É‘Ìƒ					889	FLAME
99	flea	karÂ´khÃ®	kÊŒr.kÊ°i	tv.lic	tÉ™â‚€liâ‚ƒ	ğ–ª°ğ–©¸.ğ–ª®ğ–ª	Needham glosses this incorrectly	2241	WILD CAT
100	flint striker	varrpai	Î²ÊŒr.pÉ’iÌ¯	wvrz.payc	Î²Érâ‚paiâ‚ƒ	ğ–ª¦ğ–©¸ğ–ª².ğ–ª§ğ–©µğ–ª	to light a fire with flint	737	LIGHT (IGNITE)
101	fly, v	bÃ¢	bÉ‘	baz	baâ‚	ğ–ªªğ–©´		1441	FLY (MOVE THROUGH AIR)
102	fog	pharm	pÊ°ÊŒrm	phuemx	pÊ°É¤mâ‚‚	ğ–ª©ğ–ª—ğ–ª«		249	FOG
103	foot	yÃ¢Â´phÃ¢	jÉ‘.pÊ°É‘	yaz.phac	Ê’aâ‚pÊ°aâ‚ƒ	ğ–ª¥ğ–©´.ğ–ª©ğ–©µ		1301	FOOT
104	forget	Ã¢Â´lok	É‘.lÉ’k	v.lvuk	É™â‚€lÉukâ‚„	ğ–©¸.ğ–ª®ğ–©¸ğ–ª„ğ–ª 		1523	FORGET
105	forest	ling	lÉªÅ‹	luingx	lÉ¨Å‹â‚‚	ğ–ª®ğ–ªğ–ª		420	FOREST
106	forehead	khÃ¢ng	kÊ°É‘Å‹	khvungx.kuimx	kÊ°ÉuÅ‹â‚‚kÉ¨mâ‚‚	ğ–ª¡ğ–©»ğ–ª‡ğ–ª.ğ–ª ğ–ªğ–ª«		123	FOREHEAD
107	fowl	wÃ»	wu	wuz	Î²uâ‚	ğ–ª¦ğ–ª„		265	FOWL
108	friend	Ã®-hÃ®Â´wÃ¢	i.hi.wÉ‘	--	--	--	form is unattested in the modern language	1325	FRIEND
109	get up, v (rise)	kaÂ´ten	kÊŒ.tÉ›n	kv.tenc	kÉ™â‚€tenâ‚ƒ	ğ–ª ğ–©¸.ğ–ª°ğ–©½ğ–ª¬		1512	RISE (ONESELF)
110	girl	yÃ¢Â´shikshÃ¢	jÉ‘.ÊƒÉªk.ÊƒÉ‘	yalxjuiksaz	Ê’alâ‚‚Ê¨É¨kâ‚„saâ‚	ğ–ª¥ğ–©·ğ–ª®ğ–ªµğ–ªŒğ–ª ğ–ª¤ğ–©´		1646	GIRL
111	give	kÃ»	ku	kuq, kuyz	kuÊ”â‚„, kuiâ‚	ğ–ª ğ–ª†, ğ–ª ğ–ª„ğ–ª€		1447	GIVE
112	go away, v	kaÂ´thot	kÊŒ.tÊ°É’t	kv.httovt	kÉ™â‚€tÌªÊ°oÉtâ‚„	ğ–ª ğ–©¸.ğ–ª¸ğ–©°ğ–©¸ğ–ª°	incorrectly glossed. to move slightly or gradually, not to leave		
113	goat	kirÂ´kÃ®	kÉªr.ki	khelx.khix	kÊ°elâ‚‚kÊ°iâ‚‚	ğ–ª¡ğ–©¿ğ–ª®.ğ–ª¡ğ–ªƒ		1502	GOAT
114	gong	nyÃ¢m	É²É‘m	nyamx	É²amâ‚‚	ğ–ª¨ğ–©·ğ–ª«		2502	GONG
115	good	Ã¢Â´hal	É‘.hÊŒl	v.hvlx	É™â‚€hÉlâ‚‚	ğ–©¸.ğ–ª­ğ–©»ğ–ª®		1035	GOOD
116	granary	samÂ´tÃ¢p	sÊŒm.tÉ‘p	tsvmz.tap	Ê¦É™mâ‚tapâ‚„	ğ–ª¶ğ–©¸ğ–ª«.ğ–ª°ğ–©´ğ–ª§	also /Ê¦É™mâ‚tumâ‚/	3657	GRANARY
117	gun	koá¹‰	kÉ’Ìƒ	koz	koâ‚	ğ–ª ğ–©°		1566	GUN
118	gunpowder	nÃ¢mÂ´van	nÉ‘m.Î²ÊŒn	namx.wanx	namâ‚‚Î²anâ‚‚	ğ–ª¬ğ–©·ğ–ª«.ğ–ª¦ğ–©·ğ–ª¬		1798	GUNPOWDER
119	flint for ditto	palÃ»ng	pÊŒ.luÅ‹	payc.lungz	paiâ‚ƒluÅ‹â‚	ğ–ª§ğ–©µğ–ª.ğ–ª®ğ–ª„ğ–ª			
120	hail	tingÂ´Ã¼r	tÉªÅ‹.yr	nyerx.lox	É²erâ‚‚lÉ”â‚‚	ğ–ª¨ğ–©¿ğ–ª².ğ–ª®ğ–©³	incorrect syllabification	609	HAIL
121	hair	kÃ»Â´mÃ»l	ku.mul	khux.mulz	kÊ°uâ‚‚mulâ‚	ğ–ª¡ğ–ª‡.ğ–ª«ğ–ª„ğ–ª®		2648	HAIR (HEAD)
122	hand	yokÂ´phÃ¢	jÉ’k.pÊ°É‘	yvuk.phac	Ê’Éukâ‚„pÊ°aâ‚ƒ	ğ–ª¥ğ–©¸ğ–ª„ğ–ª .ğ–ª©ğ–©µ		1277	HAND
123	hat	khÃ»Â´phÃ»k	kÊ°u.pÊ°uk	khux.phuk	kÊ°uâ‚‚pÊ°ukâ‚„	ğ–ª¡ğ–ª‡.ğ–ª©ğ–ª„ğ–ª 		771	HAT
124	he	Ã¢Â´pÃ®	É‘.pi	v.piq	É™â‚€piÊ”â‚„	ğ–©¸.ğ–ª§ğ–ª‚		2642	HE OR SHE
125	here	Ã¢Â´nÃ¼	É‘.ny	v.nuex	É™â‚€nÉ¤â‚‚	ğ–©¸.ğ–ª¬ğ–ª—		136	HERE
126	here	Ã¢Â´yÃ¼	É‘.jy	--	--	--		136	HERE
127	head	khÃ»	kÊ°u	khux	kÊ°uâ‚‚	ğ–ª¡ğ–ª‡		1256	HEAD
128	heavy	Ã¢Â´lÃ®	É‘.liË€	v.liz	É™â‚€liâ‚ / liÊ”â‚„	ğ–©¸.ğ–ª®ğ–ª€		1210	HEAVY
129	hill	kÃ»	ku	kuz	kuâ‚	ğ–ª ğ–ª„		614	HILL
130	horn	Ã¢Â´rÃ»ng	É‘.ruÅ‹	v.rungx	É™â‚€ruÅ‹â‚‚	ğ–©¸.ğ–ª²ğ–ª‡ğ–ª		1393	HORN (ANATOMY)
131	hot	Ã¢Â´kÃ¢l	É‘.kÉ‘l	v.kalx	É™â‚€kalâ‚‚	ğ–©¸.ğ–ª ğ–©·ğ–ª®		2272	HOT OR WARM
132	house	yim, yÃ¼m	jÉªm, jym	yuimx	Ê’É¨mâ‚‚	ğ–ª¥ğ–ªğ–ª«		1252	HOUSE
133	notched steps leading up to house	hÃ®Â´khÃ»	hi.kÊ°u	hix.khux	hiâ‚‚kÊ°uâ‚‚	ğ–ª­ğ–ªƒ.ğ–ª¡ğ–ª‡			
134	how	mÂ´khÃ´Â´lÃ¢	m.kÊ°o.lÉ‘	mz.'khoc lac	mâ‚kÊ°oâ‚ƒ laâ‚ƒ	ğ–ªœ.'ğ–ª¡ğ–©± ğ–ª®ğ–©µ		1239	HOW
135	high	yÃ»ng	juÅ‹	yungx	Ê’uÅ‹â‚‚	ğ–ª¥ğ–ª‡ğ–ª	this would only mean tall in terms of a person or mountain as it actually means large or big	1202	BIG
136	I	ngÃ¢	Å‹É‘	ngaz	Å‹aâ‚	ğ–ª£ğ–©´		1209	I
137	ill	Ã¢Â´tÃ»	É‘.tu	v.thuiuz	É™â‚€tÌªÉ¨uâ‚	ğ–©¸.ğ–ª¹ğ–ª˜		1847	SICK
138	Indian corn	powÃ»ng	pÉ’.wuÅ‹	puix.wungx	pÉ¨â‚‚Î²uÅ‹â‚‚	ğ–ª§ğ–ª.ğ–ª¦ğ–ª‡ğ–ª		506	MAIZE
139	iron	yÃ¢n	jÉ‘n	yanx	Ê’anâ‚‚	ğ–ª¥ğ–©·ğ–ª¬		621	IRON
140	jungle	yÃ¢Â´rÃ¼, jÃ¢Â´rÃ¼	jÉ‘.ry, Ê§É‘.ry	yayz.ruix	Ê’aiâ‚rÉ¨â‚‚	ğ–ª¥ğ–©´ğ–ª€.ğ–ª²ğ–ª		3808	JUNGLE
141	kill	tat	tÊŒt	thvt	tÌªÉtâ‚„	ğ–ª¹ğ–©¸ğ–ª°		1417	KILL
142	knee	longÂ´kÃ¼	lÉ’Å‹.ky	lvungx.kuix	lÉuÅ‹â‚‚kÉ¨â‚‚	ğ–ª®ğ–©»ğ–ª‡ğ–ª.ğ–ª ğ–ª		1371	KNEE
143	knife	yÃ¢nÂ´hÃ®	jÉ‘n.hi	yanx.hix	Ê’anâ‚‚ hiâ‚‚	ğ–ª¥ğ–©·ğ–ª¬.ğ–ª­ğ–ªƒ		1352	KNIFE
144	kochu	dÃ¼	dy	tuiz	tÉ¨â‚	ğ–ª°ğ–ªŒ		351	TARO
145	large	Ã¢Â´dil	É‘.dÉªl	v.dvlz	É™â‚€dÉlâ‚	ğ–©¸.ğ–ª±ğ–©¸ğ–ª®		1202	BIG
146	laugh, v	nÃ®	ni	nhuiyx	nÌªÉ¨iâ‚‚	ğ–ª³ğ–ªğ–ª‡		1355	LAUGH
147	leech	taÂ´wat	tÊŒ.wÊŒt	tv.wvt	tÉ™â‚€Î²Étâ‚„	ğ–ª°ğ–©¸.ğ–ª¦ğ–©¸ğ–ª°	specifically terestrial leeches	2273	LEECH
148	leaf	nÃ¢mÂ´yok	nÉ‘m.jÉ’k	namx.yvuk	namâ‚‚Ê’Éukâ‚„	ğ–ª¬ğ–©·ğ–ª«.ğ–ª¥ğ–©¸ğ–ª„ğ–ª 		628	LEAF
149	leg	yÃ¢	jÉ‘	yaz	Ê’aâ‚	ğ–ª¥ğ–©´	the most general term including the foot	1297	LEG
150	lightning	rongÂ´lep	rÉ’Å‹.lÉ›p	rvungx.lep	rÉuÅ‹â‚‚lepâ‚„	ğ–ª²ğ–©»ğ–ª‡ğ–ª.ğ–ª®ğ–©¼ğ–ª§	lightning in the sky only, not while striking	1654	LIGHTNING
151	lip	naÂ´warr	nÊŒ.wÊŒr	nuix.buirz	nÉ¨â‚‚bÉ¨râ‚	ğ–ª¬ğ–ª.ğ–ªªğ–ªŒğ–ª²		478	LIP
152	light (not heavy)	Ã¢Â´chÃ¢n	É‘.Ê§Ê°É‘n	v.jawz	É™â‚€Ê¨É”â‚	ğ–©¸.ğ–ªµğ–ªˆ		1052	LIGHT (WEIGHT)
153	loin cloth	rÃ®	ri	ruiyq	rÉ¨iÊ”â‚„	ğ–ª²ğ–ªŒğ–ª‚		1965	LOINCLOTH
154	look, v	lÃ¢n	lÉ‘n	lawx	lÉ”â‚ƒ	ğ–ª®ğ–ª‹		1819	LOOK
155	louse	thik	tÊ°Éªk	httuik	tÌªÊ°É¨kâ‚„	ğ–ª¸ğ–ªŒğ–ª 		1392	LOUSE
156	make, v	gÃ¼r	gyr	ghuir	É£É¨râ‚ƒ	ğ–ª·uiğ–ª²		2575	DO OR MAKE
157	male	mÃ®Â´wÃ¢	mi.wÉ‘	miq.waz	miÊ”â‚„Î²aâ‚	ğ–ª«ğ–ª‚.ğ–ª¦ğ–©´		2106	MALE PERSON
158	many	Ã¢Â´pÃ¢ng	É‘.pÉ‘Å‹	v.pvungc	É™â‚€pÉuÅ‹â‚ƒ	ğ–©¸.ğ–ª§ğ–©¹ğ–ª…ğ–ª		1198	MANY
159	mat	dam	dÊŒm	dvmx	dÉmâ‚‚	ğ–ª±ğ–©»ğ–ª«		195	MAT
160	monkey	vÃ®Â´sil	Î²i.sÉªl	wix.suilx	Î²iâ‚‚sÉ¨lâ‚‚	ğ–ª¦ğ–ªƒ.ğ–ª¤ğ–ªğ–ª®		1350	MONKEY
161	mortar for pounding paddy	thim, thÃ¼m	tÊ°Éªm, tÊ°ym	htuimz	tÊ°É¨mâ‚	ğ–ª¯ğ–ªŒğ–ª«		224	MORTAR
162	pestle	thimÂ´yÃ¢	tÊ°Éªm.jÉ‘	htuimz.yaz	tÊ°É¨mâ‚Ê’aâ‚	ğ–ª¯ğ–ªŒğ–ª«.ğ–ª¥ğ–©´		225	PESTLE
163	mother	nÂ´yÃ»	n.ju	nyuiuz	É²É¨uâ‚	ğ–ª¨ğ–ª˜		1216	MOTHER
164	moon	yÃ¢Â´pÃ®	jÉ‘.pi	yac.pix	Ê’aâ‚ƒpiâ‚‚	ğ–ª¥ğ–©µ.ğ–ª§ğ–ªƒ		1313	MOON
165	mod	choÃ¢l	Ê§Ê°É’É‘l	jovlz	Ê¨oÉlâ‚	ğ–ªµğ–©°ğ–©¸ğ–ª®	fermented rice beer		
166	mouth	nÃ¼rr	nyr	nuix	nÉ¨â‚‚	ğ–ª¬ğ–ª		674	MOUTH
167	mud	bok	bÉ’k	bok	bokâ‚„	ğ–ªªğ–©°ğ–ª 		640	MUD
168	nail	yokÂ´thin	jÉ’k.tÊ°Éªn	yvuk.httuinc	Ê’Éukâ‚„tÌªÊ°É¨nâ‚ƒ	ğ–ª¥ğ–©¸ğ–ª„ğ–ª .ğ–ª¸ğ–ªğ–ª¬		502	NAIL (TOOL)
169	name	ming	mÉªÅ‹	muingc	mÉ¨Å‹â‚ƒ	ğ–ª«ğ–ªğ–ª		1405	NAME
170	near	Ã¢nÂ´yek	É‘n.jÉ›k	v.nyek	É™â‚€É²ekâ‚„	ğ–©¸.ğ–ª¨ğ–©¼ğ–ª 		1942	NEAR
171	nest	wÃ»shanchÃ®aá¹‰	wu.ÊƒÊŒn.Ê§Ê°iÊŒÌƒ	wuz.shawx.jez	Î²uâ‚ÊƒÉ”â‚‚Ê¨eâ‚	ğ–ª¦ğ–ª„.ğ–ª´ğ–ª‹.ğ–ªµğ–©¼		3549	BIRD NEST
172	net	chÃ¢k	Ê§Ê°É‘k	jak	Ê¨akâ‚„	ğ–ªµğ–©´ğ–ª 		2963	NET
173	now	mÃ¢Â´chÃ»	mÉ‘.Ê§Ê°u	mvyz.juiuc	mÉiâ‚Ê¨É¨uâ‚ƒ	ğ–ª«ğ–©¸ğ–ª€.ğ–ªµğ–ª™		1376	NOW
174	old	Ã¢-kÃ®oá¹‰	É‘.kiÉ’Ìƒ	v.kez	É™â‚€keâ‚	ğ–©¸.ğ–ª ğ–©¼		2112	OLD (AGED)
175	old man	vÃ®-kÃ¢á¹‰wÃ¢	Î²i.kÉ‘Ìƒ.wÉ‘	lix.kawx waz	liâ‚‚kÉ”â‚‚ Î²aâ‚	ğ–ª®ğ–ªƒ.ğ–ª ğ–ª‹ ğ–ª¦ğ–©´		406	OLD MAN
176	old woman	vÃ®Â´krÃ»	Î²i.kru	wiz.kuiux nyuiuz	Î²iâ‚kÉ¨uâ‚‚ É²É¨uâ‚	ğ–ª¦ğ–ª€.ğ–ª ğ–ª› ğ–ª¨ğ–ª˜		907	OLD WOMAN
177	petticoat	nÃ®Â´sÃ¢	ni.sÉ‘	nhuiyq.saz	nÌªÉ¨iÊ”â‚„saâ‚	ğ–ª³ğ–ªŒğ–ª‚.ğ–ª¤ğ–©´			
178	woman's chudder	khaipÃ¢á¹‰	kÊ°É’iÌ¯.pÉ‘Ìƒ	khvyz.parx	kÊ°Éiâ‚parâ‚‚	ğ–ª¡ğ–©¸ğ–ª€.ğ–ª§ğ–©·ğ–ª²			
179	pig	vak	Î²ÊŒk	wvuk	Î²Éukâ‚„	ğ–ª¦ğ–©¸ğ–ª„ğ–ª 		1337	PIG
180	pipe	yÃ¢Â´tik	jÉ‘.tÉªk	nyac.tuik	É²aâ‚ƒtÉ¨kâ‚„	ğ–ª¨ğ–©µ.ğ–ª°ğ–ªŒğ–ª 		2956	TUBE
181	place or put, v	tÃ¢	tÉ‘	taq	taÊ”â‚„	ğ–ª°ğ–©¶		998	PUT
182	poison	laÂ´pÃ»	lÊŒ.pu	lvpuz	lÉ™â‚€puâ‚	ğ–ª®ğ–ª’ğ–ª§ğ–ª„	posion gathered from leaves and put on arrows. not fish poison.	655	POISON
183	post	thung	tÊ°uÅ‹	thungz	tÊ°uÅ‹â‚	ğ–ª¹ğ–ª„ğ–ª		281	POST
184	plantain	yÃ¢m á¹‰gÃ¢	jÉ‘m.ÌƒgÉ‘	nyapngak	É²apâ‚„Å‹akâ‚„	ğ–ª¨ğ–©´ğ–ª§ğ–ª£ğ–©´ğ–ª 		399	PLANTAIN
185	rice	vÃ»ng	Î²uÅ‹	wungx	Î²uÅ‹â‚‚	ğ–ª¦ğ–ª‡ğ–ª		3289	UNCOOKED RICE
186	cooked rice	dÃ»ng	duÅ‹	dungc	duÅ‹â‚ƒ	ğ–ª±ğ–ª…ğ–ª		1191	COOKED RICE
187	rain	rang	rÊŒÅ‹	rvungx.yunc	rÉuÅ‹â‚‚Ê’unâ‚ƒ	ğ–ª²ğ–©»ğ–ª‡ğ–ª.ğ–ª¥ğ–ª…ğ–ª¬		2108	RAINING OR RAIN
188	red	kaishÃ¢n	kÉ’iÌ¯.ÊƒÉ‘n	v.shawx	ÊƒÉ”â‚‚	ğ–©¸.ğ–ª´ğ–ª‹		156	RED
189	ring	yoktÃ»Â´op	jÉ’k.tu.É’p	yvuk.top	Ê’Éukâ‚„topâ‚„	ğ–ª¥ğ–©¸ğ–ª„ğ–ª .ğ–ª°ğ–©°ğ–ª§		1374	RING
190	ripe	Ã¢Â´muin	É‘.muÉªn	muinx	mÉ¨nâ‚‚	ğ–ª«ğ–ªğ–ª¬		178	RIPE
191	river, also water	yeng	jÉ›Å‹	yuix	Ê’É¨â‚‚	ğ–ª¥ğ–ª		666	RIVER
192	road	lam	lÊŒm	lvmx	lÉmâ‚‚	ğ–ª®ğ–©»ğ–ª«		2457	PATH OR ROAD
193	roof of house	ship, shÃ¼p	ÊƒÉªp, Êƒyp	shuip	ÊƒÉ¨pâ‚„	ğ–ª´ğ–ªŒğ–ª§	covering the roof beams. roof today is /Î²uâ‚‚kÊ°uâ‚‚/	769	ROOF
194	run	yÃ»	ju	yuz	Ê’uâ‚	ğ–ª¥ğ–ª„		1519	RUN
195	salt	shÃ»m	Êƒum	shumz	Êƒumâ‚	ğ–ª´ğ–ª„ğ–ª«		1274	SALT
196	sand	phÃ¢á¹‰	pÊ°É‘Ìƒ	phawx	pÊ°É”â‚‚	ğ–ª©ğ–ª‹	gravel or sand at the bank of a river	671	SAND
197	see, v	khÃ®	kÊ°i	khiz	kÊ°iâ‚ / kÊ°iâ‚ƒ	ğ–ª¡ğ–ª€		1409	SEE
198	seek, v	thÃ®	tÊ°i	thuiyx	tÌªÉ¨iâ‚‚	ğ–ª¹ğ–ªğ–ª‡		1468	LOOK FOR
199	seize, v	lÃ»	lu	luz	luâ‚	ğ–ª®ğ–ª„		855	SEIZE
200	sell, v	shong	ÊƒÉ’Å‹	shvungz	ÊƒÉuÅ‹â‚	ğ–ª´ğ–©¸ğ–ª„ğ–ª		1571	SELL
201	send, v	tÃ¢r	tÉ‘r	tvghurx	tÉ™â‚€É£urâ‚‚	ğ–ª°ğ–ª’ğ–ª·ğ–ª‡ğ–ª²		1127	SEND
202	sharp	Ã¢Â´thÃ®	É‘.tÊ°i	v.httuiyx	É™â‚€tÌªÊ°É¨iâ‚‚	ğ–©¸.ğ–ª¸ğ–ªğ–ª‡		1396	SHARP
203	shoot, v	gÃ¢p	gÉ‘p	ghap	É£apâ‚„	ğ–ª·ğ–©´ğ–ª§		1172	SHOOT
204	similar (alike)	Ã¢dam, dam	É‘.dÊŒm, dÊŒm	v.dvmz., dvmz	É™â‚€dÉmâ‚, dÉmâ‚	ğ–©¸.ğ–ª±ğ–©¸ğ–ª«., ğ–ª±ğ–©¸ğ–ª«		1558	SIMILAR
205	sing, v	Ã¢Â´shir	É‘.ÊƒÉªr	shic	Êƒiâ‚ƒ (song)	ğ–ª´ğ–ª		1261	SING
206	sit down, v	nong	nÉ’Å‹	ngvungc	Å‹ÉuÅ‹â‚ƒ	ğ–ª£ğ–©¹ğ–ª…ğ–ª		1649	SIT DOWN
207	skin	Ã¢Â´krÃ¼	É‘.kry	shuix	kÊ°É¨â‚‚	ğ–ª´ğ–ª	phonetic palatalisation from Needham's speaker	763	SKIN
208	sky	rong	rÉ’Å‹	rvungx	rÉuÅ‹â‚‚	ğ–ª²ğ–©»ğ–ª‡ğ–ª		1732	SKY
209	slave	dÃ¢	dÉ‘	dax	daâ‚‚	ğ–ª±ğ–©·		812	SLAVE
210	slippery	Ã¢nÂ´yÃ¢r	É‘n.jÉ‘r	v.nyelz	É™â‚€É²elâ‚	ğ–©¸.ğ–ª¨ğ–©¼ğ–ª®	incorrect syllabification	3702	SLIPPERY
211	sleep, v	voil	Î²É’Éªl	wovlc	Î²oÉlâ‚ƒ	ğ–ª¦ğ–©±ğ–©¹ğ–ª®	to lie down, not to sleep	215	LIE DOWN
212	small	Ã¢-phÃ»nÂ´sÃ¢	É‘.pÊ°un.sÉ‘	v.phuinc saz	É™â‚€pÊ°É¨nâ‚ƒ saâ‚	ğ–©¸.ğ–ª©ğ–ªğ–ª¬ ğ–ª¤ğ–©´		1246	SMALL
213	smell	Ã¢Â´thing	É‘.tÊ°ÉªÅ‹	thuingx	tÌªÉ¨Å‹â‚‚	ğ–ª¹ğ–ªğ–ª		3704	ODOR (SMELL)
214	smoke	varrkrÃ»	Î²ÊŒr.kru	wvrz.khuiuq	Î²Érâ‚kÊ°É¨uÊ”â‚„	ğ–ª¦ğ–©¸ğ–ª².ğ–ª¡ğ–ªš		778	SMOKE (EXHAUST)
215	snake	pÃ»	pu	puiuc	pÉ¨uâ‚ƒ	ğ–ª§ğ–ª™		730	SNAKE
216	snow	thikÂ´hek	tÊ°Éªk.hÉ›k	tsik.hek	Ê¦É¨kâ‚„hekâ‚„	ğ–ª¶ğ–ª€ğ–ª .ğ–ª­ğ–©¼ğ–ª 		784	SNOW
217	son	mÃ®Â´vÃ¢shÃ¢, mÃ®Â´vÃ¢shÃ¢á¹‰	mi.Î²É‘.ÊƒÉ‘, mi.Î²É‘.ÊƒÉ‘Ìƒ	miq.waz.saz	miÊ”â‚„Î²aâ‚saâ‚	ğ–ª«ğ–ª‚.ğ–ª¦ğ–©´.ğ–ª¤ğ–©´		1620	SON
218	sow, v	win	wÉªn	wuinc	Î²É¨nâ‚ƒ	ğ–ª¦ğ–ªğ–ª¬		1486	PLANT (SOMETHING)
219	spear	pÃ¢	pÉ‘Ë€	paq	paÊ”â‚„	ğ–ª§ğ–©¶		945	SPEAR
220	spark	varrpÃ¼	Î²ÊŒr.py	wvrz.puic	Î²Érâ‚pÉ¨â‚ƒ	ğ–ª¦ğ–©¸ğ–ª².ğ–ª§ğ–ª		518	SPARK
221	spirit (evil)	thÃ¢ng, thÃ¢ung	tÊ°É‘Å‹, tÊ°É‘uÅ‹	thvungc	tÊ°ÉuÅ‹â‚ƒ	ğ–ª¹ğ–©¹ğ–ª…ğ–ª		1175	GHOST
222	stand	chÃ¢p	Ê§Ê°É‘p	jvp	Ê¨Épâ‚„	ğ–ªµğ–©¸ğ–ª§		1442	STAND
223	star	rÃ®Â´sÃ®	ri.si	ruiyz.suiyq	rÉ¨iâ‚sÉ¨iÊ”â‚„	ğ–ª²ğ–ªŒğ–ª€.ğ–ª¤ğ–ªŒğ–ª‚		1430	STAR
224	stay, v	gal	gÊŒl	ghuilc	É£É¨lâ‚ƒ	ğ–ª·ğ–ªğ–ª®		987	REMAIN
225	stead	Ã¢Â´gÃ», Ã¢Â´grÃ»	É‘.gu, É‘.gru	v.ghuez	É™â‚€É£É¤â‚		Needhams meaning is unclear, but likely meant "to lack"	2329	LACK (NOT HAVE)
226	stone	lÃ»ng	luÅ‹	lungz	luÅ‹â‚	ğ–ª®ğ–ª„ğ–ª		857	STONE
227	sun	rongÂ´shÃ¢rr	rÉ’Å‹.ÊƒÉ‘r	rvungx.shalx	rÉuÅ‹â‚‚Êƒalâ‚‚	ğ–ª²ğ–©»ğ–ª‡ğ–ª.ğ–ª´ğ–©·ğ–ª®		1343	SUN
228	tail	Ã¢Â´mÃ®	É‘.mi	v.miz	É™â‚€miâ‚	ğ–©¸.ğ–ª«ğ–ª€		1220	TAIL
229	take, v	lamÂ´van	lÊŒm.Î²ÊŒn	lvmc wvnc., lvmz wvnc	lÉmâ‚ƒ Î²Énâ‚ƒ, lÉmâ‚ Î²Énâ‚ƒ	ğ–ª®ğ–©¹ğ–ª« ğ–ª¦ğ–©¹ğ–ª¬., ğ–ª®ğ–©¸ğ–ª« ğ–ª¦ğ–©¹ğ–ª¬		1749	TAKE
230	that	kaÂ´rau, kaÂ´rÃ¼	kÊŒ.rÉ’uÌ¯, kÊŒ.ry	kv.ruex	kÉ™â‚€rÉ¤â‚‚	ğ–ª ğ–©¸.ğ–ª²ğ–ª—		78	THAT
231	them or they	thingÂ´shÃ®	tÊ°ÉªÅ‹.Êƒi	tsuingc.shiq	Ê¦É¨Å‹â‚ƒÊƒiÊ”â‚„	ğ–ª¶ğ–ªğ–ª.ğ–ª´ğ–ª‚		817	THEY
232	there	gaÂ´nÃ¼	gÊŒ.ny	kv.nuex	kÉ™â‚€nÉ¤â‚‚	ğ–ª ğ–©¸.ğ–ª¬ğ–ª—		1937	THERE
233	thief	Ã¢Â´grÃ»wÃ¢	É‘.gru.wÉ‘	v.ghuiuq.waz	É™â‚€É£É¨uÊ”â‚„Î²aâ‚	ğ–©¸.ğ–ª·ğ–ªš.ğ–ª¦ğ–©´		1160	THIEF
234	thin (not thick)	Ã¢Â´vÃ¢r	É‘.Î²É‘r	v.warx	É™â‚€Î²arâ‚‚	ğ–©¸.ğ–ª¦ğ–©·ğ–ª²		2306	THIN (OF LEAF AND CLOTH)
235	thin (not thick)	Ã¢Â´gÃ¼	É‘.gy	--	--	--		2306	THIN (OF LEAF AND CLOTH)
236	thin (not fat)	Ã¢Â´rÃªÂ´Ã¢á¹‰	É‘.re.É‘Ìƒ	v.rex	É™â‚€reâ‚‚	ğ–©¸ğ–ª²ğ–©¿		1400	THIN (SLIM)
237	this	Ã¢Â´rau, Ã¢Â´rÃ¼	É‘.rÉ’uÌ¯, É‘.ry	v.ruex	É™â‚€rÉ¤â‚‚	ğ–©¸.ğ–ª²ğ–ª—		1214	THIS
238	thorn	shÃ»	Êƒu	shuiuq	ÊƒÉ¨uÊ”â‚„	ğ–ª´ğ–ªš		124	THORN
239	thumb	yokÂ´shÃ®	jÉ’k.Êƒi	yvuk.shix	Ê’Éukâ‚„Êƒiâ‚‚	ğ–ª¥ğ–©¸ğ–ª„ğ–ª .ğ–ª´ğ–ªƒ	simply finger, not thumb which would be /Ê’Éukâ‚„Êƒiâ‚‚kÉ¨uâ‚‚/	1303	FINGER
240	thunder	rongÂ´mÃ»k	rÉ’Å‹.muk	rvungx.muk	rÉuÅ‹â‚‚mukâ‚„	ğ–ª²ğ–©»ğ–ª‡ğ–ª.ğ–ª«ğ–ª„ğ–ª 		1150	THUNDER
241	tiger	chÃ¢	Ê§Ê°É‘Ë€	jaq	Ê¨aÊ”â‚„	ğ–ªµğ–©¶		846	TIGER
242	tobacco	nyÃ¢	É²É‘	nyac	É²aâ‚ƒ	ğ–ª¨ğ–©µ		974	TOBACCO
243	toe	yÃ¢Â´shÃ®	jÉ‘.Êƒi	yaz.shix	Ê’aâ‚Êƒiâ‚‚	ğ–ª¥ğ–©´.ğ–ª´ğ–ªƒ		1389	TOE
244	tongue	laÂ´lÃ®	lÊŒ.li	tv.lix	tÉ™â‚€liâ‚‚	ğ–ª°ğ–©¸.ğ–ª®ğ–ªƒ		1205	TONGUE
245	tooth	vÃ¢	Î²É‘	wac	Î²aâ‚ƒ	ğ–ª¦ğ–©µ		1380	TOOTH
246	touch wood	mÃ¼	my	--	--	--			
247	track, v	yÃ¼r	jyr	yurc	Ê’urâ‚ƒ	ğ–ª¥ğ–ª…ğ–ª²	to chase, not to track		
248	true	Ã¢Â´sing	É‘.sÉªÅ‹	v.suingz	É™â‚€sÉ¨Å‹â‚	ğ–©¸.ğ–ª¤ğ–ªŒğ–ª		1657	TRUE
249	tree	pÃ»l	pul	pulx	pulâ‚‚	ğ–ª§ğ–ª‡ğ–ª®		906	TREE
250	uncle	Ã®Â´vong	i.Î²É’Å‹	v.wvungx	É™â‚€Î²ÉuÅ‹â‚‚	ğ–©¸.ğ–ª¦ğ–©»ğ–ª‡ğ–ª	paternal uncle. maternal is /É£uâ‚/	1985	PATERNAL UNCLE (FATHER'S BROTHER)
251	unripe	Ã¢Â´thing	É‘.tÊ°ÉªÅ‹	v.httuingx	É™â‚€tÌªÊ°É¨Å‹â‚‚	ğ–©¸.ğ–ª¸ğ–ªğ–ª		1958	UNRIPE
252	village	kÃ®Â´aá¹‰	ki.ÊŒÌƒ	kez	keâ‚	ğ–ª ğ–©¼	more commonly /É£aÊ”â‚„ÊƒuÅ‹â‚ƒ/ today	930	VILLAGE
253	war	rÃ¢Â´lÃ»ng	rÉ‘.luÅ‹	rvlungc., rvkhvt	rÉ™â‚€luÅ‹â‚ƒ, rÉ™â‚€kÊ°Étâ‚„	ğ–ª²ğ–ª’ğ–ª®ğ–ª…ğ–ª., ğ–ª²ğ–ª’ğ–ª¡ğ–©¸ğ–ª°		935	WAR
254	what?	yamÂ´lÃ»	jÊŒm.lu	yvmx.lix	Ê’É™mâ‚‚liâ‚‚	ğ–ª¥ğ–©»ğ–ª«.ğ–ª¬ğ–ª—		1236	WHAT
255	where	mÂ´jÃ»Â´lÃ¢	m.Ê§u.lÉ‘	mz.yuq.lac	mâ‚Ê’uÊ”â‚„laâ‚ƒ	ğ–ªœ.ğ–ª¥ğ–ª†.ğ–ª®ğ–©µ		1237	WHERE
256	white	Ã¢Â´lÃ¼	É‘.ly	luiz	É™â‚€lÉ¨â‚	ğ–©¸.ğ–ª®ğ–ªŒ		1335	WHITE
257	who?	uÂ´lÃ¢	u.lÉ‘	uz.lac	uâ‚laâ‚ƒ	ğ–ª„.ğ–ª®ğ–©µ		1235	WHO
258	why?	khamÂ´lÃ¢	kÊ°ÊŒm.lÉ‘	khvmc lac	kÊ°Émâ‚ƒ laâ‚ƒ	ğ–ª¡ğ–©¹ğ–ª« ğ–ª®ğ–©µ		1270	WHY
259	wing	wÃ»rong	wu.rÉ’Å‹	wuz.rvungx	Î²uâ‚rÉuÅ‹â‚‚	ğ–ª¦ğ–ª„.ğ–ª²ğ–©»ğ–ª‡ğ–ª		1257	WING
260	worm	chilÂ´bÃ¢	Ê§Ê°Éªl.bÉ‘	jvlx.baz	Ê¨Élâ‚‚baâ‚	ğ–ªµğ–©»ğ–ª®.ğ–ªªğ–©´		1219	WORM
261	yesterday	maÂ´yÃ¢	mÊŒ.jÉ‘	mz.yac	mâ‚Ê’aâ‚ƒ	ğ–ªœ.ğ–ª¥ğ–©µ		1174	YESTERDAY
262	you	mÂ´nang	m.nÊŒÅ‹	mz.nvungz	mâ‚nÉuÅ‹â‚	ğ–ªœ.ğ–ª¬ğ–©¸ğ–ª„ğ–ª		1215	THOU
263	young man	yÃ¢Â´rÃ´wÃ¢	jÉ‘.ro.wÉ‘	yalx.rox.waz	Ê’alâ‚‚roâ‚‚Î²aâ‚	ğ–ª¥ğ–©·ğ–ª®.ğ–ª²ğ–©³.ğ–ª¦ğ–©´		76	YOUNG MAN
264	young woman	yÃ¢rÂ´tÃ»	jÉ‘r.tu	yalx.tux	Ê’alâ‚‚tuâ‚‚	ğ–ª¥ğ–©·ğ–ª®.ğ–ª°ğ–ª‡		77	YOUNG WOMAN